{"heatStencil2D": {"collective": [1.0, 1.0, 1.0], "individual": {"TIMING_ERROR_PROB_PERCENT-3": [0.013712000000000014, 0.7945890666666664, 1.0], "TIMING_ERROR_PROB_PERCENT-2": [1.0, 1.0, 1.0], "TIMING_ERROR_PROB_PERCENT-1": [0.0016, 0.08043546666666675, 1.0], "INVPROB_SRAM_WRITE_FAILURE": [0.0492426666666667, 0.18553066666666662, 1.0], "MB_DOUBLE_APPROX": [0.0016031999999999997, 0.08338026666666674, 0.9911880000000001], "MB_FLOAT_APPROX": [0.0016, 0.0016, 0.0016], "INVPROB_DRAM_FLIP_PER_SECOND": [0.0016, 0.0016, 0.0016], "INVPROB_SRAM_READ_UPSET": [0.0016, 0.0037173333333333043, 0.07735653333333328]}, "approximateness": {"stores": [1701987, 9359381], "fpu": [0, 10915632], "heap": [0, 888640000], "loads": [61641431, 9606156], "alu": [21863427, 0], "stack": [14465271997, 3221922958048]}}}