{"heatStencil2D": {"collective": [0.03401777777777777, 1.0, 1.0], "individual": {"TIMING_ERROR_PROB_PERCENT-3": [0.004457777777777779, 0.26066666666666655, 1.0], "TIMING_ERROR_PROB_PERCENT-2": [1.0, 1.0, 1.0], "TIMING_ERROR_PROB_PERCENT-1": [0.0044444444444444444, 0.023162962962962937, 1.0], "INVPROB_SRAM_WRITE_FAILURE": [0.02118962962962966, 0.06665185185185188, 1.0], "MB_DOUBLE_APPROX": [0.0044459259259259235, 0.04149407407407411, 0.9830348148148149], "MB_FLOAT_APPROX": [0.0044444444444444444, 0.0044444444444444444, 0.0044444444444444444], "INVPROB_DRAM_FLIP_PER_SECOND": [0.0044444444444444444, 0.0044444444444444444, 0.0044444444444444444], "INVPROB_SRAM_READ_UPSET": [0.0044444444444444444, 0.0044444444444444444, 0.023360740740740748]}, "approximateness": {"stores": [390747, 2016381], "fpu": [0, 2350432], "heap": [0, 62888400], "loads": [13181530, 2104596], "alu": [4718516, 0], "stack": [1302363920, 162184008816]}}}