{
    "SciMark2: SMM": {
        "collective": [
            4.2684650832434647e-10,
            2.9703577495322775e-05,
            0.007142283201803585
        ],
        "individual": {
            "TIMING_ERROR_PROB_PERCENT-3": [
                0.0,
                0.0,
                0.0
            ],
            "TIMING_ERROR_PROB_PERCENT-2": [
                0.0,
                0.0,
                0.1
            ],
            "TIMING_ERROR_PROB_PERCENT-1": [
                0.0,
                0.0,
                3.8153889701386026e-14
            ],
            "INVPROB_SRAM_WRITE_FAILURE": [
                0.0,
                4.883697881777411e-12,
                3.0720983473799294e-11
            ],
            "MB_DOUBLE_APPROX": [
                4.2684650832434647e-10,
                2.9703577495322775e-05,
                0.007142286045878391
            ],
            "MB_FLOAT_APPROX": [
                0.0,
                0.0,
                0.0
            ],
            "INVPROB_DRAM_FLIP_PER_SECOND": [
                0.0,
                0.0,
                0.0
            ],
            "INVPROB_SRAM_READ_UPSET": [
                0.0,
                0.0,
                0.0
            ]
        },
        "approximateness": {
            "stores": [
                9834,
                7060
            ],
            "fpu": [
                61,
                10000
            ],
            "heap": [
                41763,
                64080
            ],
            "loads": [
                61954,
                16000
            ],
            "alu": [
                15311,
                0
            ],
            "stack": [
                541416,
                328368
            ]
        }
    },
    "SciMark2: FFT": {
        "collective": [
            3.4639961741037006e-08,
            0.5780740126523933,
            1.0
        ],
        "individual": {
            "TIMING_ERROR_PROB_PERCENT-3": [
                0.0,
                0.08301567780893979,
                0.5083210190722605
            ],
            "TIMING_ERROR_PROB_PERCENT-2": [
                0.0,
                1.0,
                1.0
            ],
            "TIMING_ERROR_PROB_PERCENT-1": [
                0.0,
                1.2397342952566448e-08,
                1.0
            ],
            "INVPROB_SRAM_WRITE_FAILURE": [
                0.12500000007208795,
                1.3144311883719895e-08,
                1.0
            ],
            "MB_DOUBLE_APPROX": [
                3.4639961741037006e-08,
                0.0022869998438552284,
                0.3018560046653773
            ],
            "MB_FLOAT_APPROX": [
                0.0,
                0.0,
                0.0
            ],
            "INVPROB_DRAM_FLIP_PER_SECOND": [
                0.0,
                0.0,
                0.0
            ],
            "INVPROB_SRAM_READ_UPSET": [
                0.0,
                0.0,
                5.754216346465224e-09
            ]
        },
        "approximateness": {
            "stores": [
                51556,
                69464
            ],
            "fpu": [
                33,
                72500
            ],
            "heap": [
                64310,
                242944
            ],
            "loads": [
                280516,
                116900
            ],
            "alu": [
                117179,
                0
            ],
            "stack": [
                42068336,
                89059780
            ]
        }
    },
    "ImageJ": {
        "collective": [
            0.0,
            0.0,
            0.0861328125
        ],
        "individual": {
            "TIMING_ERROR_PROB_PERCENT-3": [
                0.0,
                0.0,
                0.07275390625
            ],
            "TIMING_ERROR_PROB_PERCENT-2": [
                0.0,
                0.0,
                0.1052734375
            ],
            "TIMING_ERROR_PROB_PERCENT-1": [
                0.0,
                0.0,
                0.1052734375
            ],
            "INVPROB_SRAM_WRITE_FAILURE": [
                0.0583984375,
                0.0, NaN
            ],
            "MB_DOUBLE_APPROX": [
                0.0,
                0.0,
                0.0
            ],
            "MB_FLOAT_APPROX": [
                0.0,
                0.0,
                0.0
            ],
            "INVPROB_DRAM_FLIP_PER_SECOND": [
                0.0,
                0.0,
                0.0
            ],
            "INVPROB_SRAM_READ_UPSET": [
                0.0,
                0.0,
                0.0458984375
            ]
        },
        "approximateness": {
            "stores": [
                7925,
                4184
            ],
            "fpu": [
                0,
                0
            ],
            "heap": [
                22000,
                1267952
            ],
            "loads": [
                47508,
                20813
            ],
            "alu": [
                31297,
                3866
            ],
            "stack": [
                2033615,
                1725004
            ]
        }
    },
    "SciMark2: LU": {
        "collective": [
            3.707586293533183e-10,
            3.4349448724596555e-05,
            1.0
        ],
        "individual": {
            "TIMING_ERROR_PROB_PERCENT-3": [
                0.0,
                0.0,
                0.6882236838612543
            ],
            "TIMING_ERROR_PROB_PERCENT-2": [
                0.0,
                0.0,
                0.2674552012372181
            ],
            "TIMING_ERROR_PROB_PERCENT-1": [
                0.0,
                0.0,
                5.652095474983909e-09
            ],
            "INVPROB_SRAM_WRITE_FAILURE": [
                0.0,
                0.0,
                0.4000001336565269
            ],
            "MB_DOUBLE_APPROX": [
                3.707586293533183e-10,
                3.4349448724596555e-05,
                0.0067878581013479265
            ],
            "MB_FLOAT_APPROX": [
                0.0,
                0.0,
                0.0
            ],
            "INVPROB_DRAM_FLIP_PER_SECOND": [
                0.0,
                0.0,
                0.0
            ],
            "INVPROB_SRAM_READ_UPSET": [
                0.0,
                0.0,
                0.0
            ]
        },
        "approximateness": {
            "stores": [
                75262,
                55480
            ],
            "fpu": [
                111,
                62790
            ],
            "heap": [
                70769,
                631200
            ],
            "loads": [
                459692,
                107210
            ],
            "alu": [
                137199,
                0
            ],
            "stack": [
                35091292,
                21694368
            ]
        }
    },
    "HelloWorld": {
        "collective": [
            0.0,
            0.0,
            0.0
        ],
        "individual": {
            "TIMING_ERROR_PROB_PERCENT-3": [
                0.0,
                0.0,
                0.0
            ],
            "TIMING_ERROR_PROB_PERCENT-2": [
                0.0,
                0.0,
                0.0
            ],
            "TIMING_ERROR_PROB_PERCENT-1": [
                0.0,
                0.0,
                0.0
            ],
            "INVPROB_SRAM_WRITE_FAILURE": [
                0.0,
                0.0,
                0.0
            ],
            "MB_DOUBLE_APPROX": [
                0.0,
                0.0,
                0.0
            ],
            "MB_FLOAT_APPROX": [
                0.0,
                0.0,
                0.0
            ],