{
    "FFT": {
        "Base": 1.0,
        "Level 1": 0.7615716502719296,
        "Level 2": 0.703419800039139,
        "Level 3": 0.6700076546280431
    },
    "SOR": {
        "Base": 1.0,
        "Level 1": 0.9178119174754363,
        "Level 2": 0.8749569540689203,
        "Level 3": 0.8636135884413492
    },
    "MonteCarlo": {
        "Base": 1.0,
        "Level 1": 0.7535750211340148,
        "Level 2": 0.7129324825308048,
        "Level 3": 0.6774100779376048
    },
    "SMM": {
        "Base": 1.0,
        "Level 1": 0.8493013786695274,
        "Level 2": 0.8053751102481093,
        "Level 3": 0.784112036169725
    },
    "LU": {
        "Base": 1.0,
        "Level 1": 0.8280854916930982,
        "Level 2": 0.7807871443662266,
        "Level 3": 0.7572390275957903
    },
    "ZXing": {
        "Base": 1.0,
        "Level 1": 0.8069084495772934,
        "Level 2": 0.7670571987946453,
        "Level 3": 0.7401656561307404
    },
    "jME": {
        "Base": 1.0,
        "Level 1": 0.884766475708155,
        "Level 2": 0.8400002557967728,
        "Level 3": 0.8218809267622056
    },
    "ImageJ": {
        "Base": 1.0,
        "Level 1": 0.8112931384348363,
        "Level 2": 0.772222308920131,
        "Level 3": 0.7465995276522186
    },
    "Raytracer": {
        "Base": 1.0,
        "Level 1": 0.6587601465425471,
        "Level 2": 0.5728303694621178,
        "Level 3": 0.5245085805324554
    },
    "HelloWorld": {
        "Base": 1.0,
        "Level 1": 0.9952537903757416,
        "Level 2": 0.9912986156888596,
        "Level 3": 0.988134475939354
    },
    "Mandelbrot": {
        "Base": 1.0,
        "Level 1": 0.6615762500535347,
        "Level 2": 0.5744924521526679,
        "Level 3": 0.5264800702514282
    },
    "heatStencil2D": {
        "Base": 1.0,
        "Level 1": 0.6703535047302882,
        "Level 2": 0.5986388243705505,
        "Level 3": 0.5527099868476737
    }
}