{
  "SciMark2: SMM": {
    "collective": [
      4.2684650832434647e-10,
      0.000029703577495322775,
      0.07134768007511479
    ],
    "individual": {
      "TIMING_ERROR_PROB_PERCENT-3": [
        0,
        0,
        0
      ],
      "TIMING_ERROR_PROB_PERCENT-2": [
        0,
        0,
        0
      ],
      "TIMING_ERROR_PROB_PERCENT-1": [
        0,
        0,
        2.6279416475884244e-10
      ],
      "INVPROB_SRAM_WRITE_FAILURE": [
        0,
        0,
        1.5026557889540508e-10
      ],
      "MB_DOUBLE_APPROX": [
        4.2684650832434647e-10,
        0.000029703577495322775,
        0.007142286045878391
      ],
      "MB_FLOAT_APPROX": [
        0,
        0,
        0
      ],
      "INVPROB_DRAM_FLIP_PER_SECOND": [
        0,
        0,
        0
      ],
      "INVPROB_SRAM_READ_UPSET": [
        0,
        0,
        0
      ]
    },
    "approximateness": {
      "stores": [
        9834,
        7060
      ],
      "fpu": [
        61,
        10000
      ],
      "heap": [
        49825,
        78720
      ],
      "loads": [
        61954,
        16000
      ],
      "alu": [
        15311,
        0
      ],
      "stack": [
        716572,
        429552
      ]
    }
  },
  "SciMark2: FFT": {
    "collective": [
      0.06250003216201344,
      0.9499821858829737,
      1
    ],
    "individual": {
      "TIMING_ERROR_PROB_PERCENT-3": [
        0.0527774031086864,
        0.1263994876725024,
        0.7179957910699285
      ],
      "TIMING_ERROR_PROB_PERCENT-2": [
        0,
        1,
        1
      ],
      "TIMING_ERROR_PROB_PERCENT-1": [
        0,
        3.943494489289101e-10,
        0.9432201184014912
      ],
      "INVPROB_SRAM_WRITE_FAILURE": [
        7.256070744254828e-13,
        0.1747293143789556,
        1
      ],
      "MB_DOUBLE_APPROX": [
        3.4639961741037006e-8,
        0.0022869998438552284,
        0.3018560046653773
      ],
      "MB_FLOAT_APPROX": [
        0,
        0,
        0
      ],
      "INVPROB_DRAM_FLIP_PER_SECOND": [
        0,
        0,
        0
      ],
      "INVPROB_SRAM_READ_UPSET": [
        0,
        0,
        0.0625000035283658
      ]
    },
    "approximateness": {
      "stores": [
        51556,
        69464
      ],
      "fpu": [
        33,
        72500
      ],
      "heap": [
        80217,
        269824
      ],
      "loads": [
        280516,
        116900
      ],
      "alu": [
        117179,
        0
      ],
      "stack": [
        41513900,
        87753340
      ]
    }
  },
  "ImageJ": {
    "collective": [
      0,
      0.0041015625,
      0.1052734375
    ],
    "individual": {
      "TIMING_ERROR_PROB_PERCENT-3": [
        0,
        0,
        0.00029296875
      ],
      "TIMING_ERROR_PROB_PERCENT-2": [
        0,
        0,
        0.08857421875
      ],
      "TIMING_ERROR_PROB_PERCENT-1": [
        0,
        0,
        0.05400390625
      ],
      "INVPROB_SRAM_WRITE_FAILURE": [
        0,
        0,
        0.10478515625
      ],
      "MB_DOUBLE_APPROX": [
        0,
        0,
        0
      ],
      "MB_FLOAT_APPROX": [
        0,
        0,
        0
      ],
      "INVPROB_DRAM_FLIP_PER_SECOND": [
        0,
        0,
        0
      ],
      "INVPROB_SRAM_READ_UPSET": [
        0,
        0,
        0.0451171875
      ]
    },
    "approximateness": {
      "stores": [
        7925,
        4184
      ],
      "fpu": [
        0,
        0
      ],
      "heap": [
        27976,
        1601696
      ],
      "loads": [
        47508,
        20813
      ],
      "alu": [
        31297,
        3866
      ],
      "stack": [
        2646175,
        2264956
      ]
    }
  },
  "SciMark2: LU": {
    "collective": [
      3.707586293533183e-10,
      0.000034349448724596555,
      0.9947205617533627
    ],
    "individual": {
      "TIMING_ERROR_PROB_PERCENT-3": [
        0,
        0,
        0.33837819285246584
      ],
      "TIMING_ERROR_PROB_PERCENT-2": [
        0,
        0,
        0.22792694559282092
      ],
      "TIMING_ERROR_PROB_PERCENT-1": [
        0,
        0,
        5.9199808388754604e-9
      ],
      "INVPROB_SRAM_WRITE_FAILURE": [
        0,
        2.9103830456733705e-12,
        0.6000004768342662
      ],
      "MB_DOUBLE_APPROX": [
        3.707586293533183e-10,
        0.000034349448724596555,
        0.0067878581013479265
      ],
      "MB_FLOAT_APPROX": [
        0,
        0,
        0
      ],
      "INVPROB_DRAM_FLIP_PER_SECOND": [
        0,
        0,
        0
      ],
      "INVPROB_SRAM_READ_UPSET": [
        0,
        0,
        0
      ]
    },
    "approximateness": {
      "stores": [
        75262,
        55480
      ],
      "fpu": [
        111,
        62790
      ],
      "heap": [
        90046,
        780960
      ],
      "loads": [
        459692,
        107210
      ],
      "alu": [
        137199,
        0
      ],
      "stack": [
        43307304,
        26769640
      ]
    }
  },
  "SciMark2: MonteCarlo": {
    "collective": [
      0,
      0,
      0.0008554319931564738
    ],
    "individual": {
      "TIMING_ERROR_PROB_PERCENT-3": [
        0,
        0,
        0.0008554319931566155
      ],
      "TIMING_ERROR_PROB_PERCENT-2": [
        0,
        0,
        0.0008554319931566155
      ],
      "TIMING_ERROR_PROB_PERCENT-1": [
        0,
        0,
        0
      ],
      "INVPROB_SRAM_WRITE_FAILURE": [
        0,
        0,
        0.004277159965782794
      ],
      "MB_DOUBLE_APPROX": [
        0,
        0,
        0.005132591958939268
      ],
      "MB_FLOAT_APPROX": [
        0,
        0,
        0
      ],
      "INVPROB_DRAM_FLIP_PER_SECOND": [
        0,
        0,
        0
      ],
      "INVPROB_SRAM_READ_UPSET": [
        0,
        0,
        0
      ]
    },
    "approximateness": {
      "stores": [
        16329,
        2986
      ],
      "fpu": [
        2988,
        4476
      ],
      "heap": [
        59038,
        0
      ],
      "loads": [
        62701,
        5969
      ],
      "alu": [
        25103,
        0
      ],
      "stack": [
        24392,
        2035584
      ]
    }
  },
  "Plane": {
    "collective": [
      0.00009768178104575164,
      0.030568895526960783,
      0.12468996374591504
    ],
    "individual": {
      "TIMING_ERROR_PROB_PERCENT-3": [
        0.0000022977941176470586,
        0.00023733660130718955,
        0.02198431117238562
      ],
      "TIMING_ERROR_PROB_PERCENT-2": [
        0.000012701695261437909,
        0.00035807291666666664,
        0.03364737796160131
      ],
      "TIMING_ERROR_PROB_PERCENT-1": [
        0,
        0.00008769914215686274,
        0.01048165594362745
      ],
      "INVPROB_SRAM_WRITE_FAILURE": [
        0.00007909517973856209,
        0.00023950674019607843,
        0.017783803104575165
      ],
      "MB_DOUBLE_APPROX": [
        0,
        0,
        0
      ],
      "MB_FLOAT_APPROX": [
        0.00005067912581699346,
        0.030161662581699347,
        0.10420464409722223
      ],
      "INVPROB_DRAM_FLIP_PER_SECOND": [
        0,
        0.0000033573325163398692,
        0.0004663245506535948
      ],
      "INVPROB_SRAM_READ_UPSET": [
        0,
        0,
        0.1161812704248366
      ]
    },
    "approximateness": {
      "stores": [
        562527,
        1836806
      ],
      "fpu": [
        50800,
        2602000
      ],
      "heap": [
        432512,
        2134835200
      ],
      "loads": [
        3377300,
        3773600
      ],
      "alu": [
        1227173,
        0
      ],
      "stack": [
        209648,
        1940085152
      ]
    }
  },
  "SciMark2: SOR": {
    "collective": [
      9.3177817905854e-10,
      0.64,
      0.64
    ],
    "individual": {
      "TIMING_ERROR_PROB_PERCENT-3": [
        0,
        0.00021617958359821722,
        0.0728314071786692
      ],
      "TIMING_ERROR_PROB_PERCENT-2": [
        0,
        0.64,
        0.64
      ],