{
    "SciMark2: SMM": {
        "collective": [
            4.2684650832434647e-10,
            2.9703577495322775e-05,
            0.007142286045878391
        ],
        "individual": {
            "TIMING_ERROR_PROB_PERCENT-3": [
                0.0,
                0.0,
                0.0
            ],
            "TIMING_ERROR_PROB_PERCENT-2": [
                0.0,
                0.0,
                0.0
            ],
            "TIMING_ERROR_PROB_PERCENT-1": [
                0.0,
                0.0,
                0.0
            ],
            "INVPROB_SRAM_WRITE_FAILURE": [
                0.0,
                0.0,
                4.3066268540126553e-10
            ],
            "MB_DOUBLE_APPROX": [
                4.2684650832434647e-10,
                2.9703577495322775e-05,
                0.007142286045878391
            ],
            "MB_FLOAT_APPROX": [
                0.0,
                0.0,
                0.0
            ],
            "INVPROB_DRAM_FLIP_PER_SECOND": [
                0.0,
                0.0,
                7.713609667955236e-11
            ],
            "INVPROB_SRAM_READ_UPSET": [
                0.0,
                0.0,
                0.0
            ]
        },
        "approximateness": {
            "stores": [
                9834,
                7060
            ],
            "fpu": [
                61,
                10000
            ],
            "heap": [
                46872,
                69760
            ],
            "loads": [
                61954,
                16000
            ],
            "alu": [
                15311,
                0
            ],
            "stack": [
                607088,
                364648
            ]
        }
    },
    "SciMark2: FFT": {
        "collective": [
            3.4639961741037006e-08,
            0.7179957910699285,
            1.0
        ],
        "individual": {
            "TIMING_ERROR_PROB_PERCENT-3": [
                0.0,
                0.08811229553575747,
                1.0
            ],
            "TIMING_ERROR_PROB_PERCENT-2": [
                0.0,
                1.0,
                1.0
            ],
            "TIMING_ERROR_PROB_PERCENT-1": [
                0.0,
                7.18951534937895e-09,
                1.0
            ],
            "INVPROB_SRAM_WRITE_FAILURE": [
                9.497007347203379e-12,
                1.3864112738057321e-08,
                1.0
            ],
            "MB_DOUBLE_APPROX": [
                3.4639961741037006e-08,
                0.0022869998438552284,
                0.3018560046653773
            ],
            "MB_FLOAT_APPROX": [
                0.0,
                0.0,
                0.0
            ],
            "INVPROB_DRAM_FLIP_PER_SECOND": [
                0.0,
                0.0,
                1.862645633218807e-09
            ],
            "INVPROB_SRAM_READ_UPSET": [
                0.0,
                0.0,
                0.09035867816206522
            ]
        },
        "approximateness": {
            "stores": [
                51556,
                69464
            ],
            "fpu": [
                33,
                72500
            ],
            "heap": [
                71585,
                247040
            ],
            "loads": [
                280516,
                116900
            ],
            "alu": [
                117179,
                0
            ],
            "stack": [
                41590788,
                88076528
            ]
        }
    },
    "ImageJ": {
        "collective": [
            0.0,
            0.0,
            0.101171875
        ],
        "individual": {
            "TIMING_ERROR_PROB_PERCENT-3": [
                0.0,
                0.0,
                0.0205078125
            ],
            "TIMING_ERROR_PROB_PERCENT-2": [
                0.0,
                0.0,
                0.0740234375
            ],
            "TIMING_ERROR_PROB_PERCENT-1": [
                0.0,
                0.03623046875,
                0.069140625
            ],
            "INVPROB_SRAM_WRITE_FAILURE": [
                0.0,
                0.0630859375,
                0.10634765625
            ],
            "MB_DOUBLE_APPROX": [
                0.0,
                0.0,
                0.0
            ],
            "MB_FLOAT_APPROX": [
                0.0,
                0.0,
                0.0
            ],
            "INVPROB_DRAM_FLIP_PER_SECOND": [
                0.0,
                0.0,
                0.0
            ],
            "INVPROB_SRAM_READ_UPSET": [
                0.0,
                0.0,
                0.07412109375
            ]
        },
        "approximateness": {
            "stores": [
                7925,
                4184
            ],
            "fpu": [
                0,
                0
            ],
            "heap": [
                25124,
                1403488
            ],
            "loads": [
                47508,
                20813
            ],
            "alu": [
                31297,
                3866
            ],
            "stack": [
                2199967,
                1835832
            ]
        }
    },
    "SciMark2: LU": {
        "collective": [
            3.707586293533183e-10,
            3.4349448724596555e-05,
            0.6187238726308231
        ],
        "individual": {
            "TIMING_ERROR_PROB_PERCENT-3": [
                0.0,
                0.0,
                0.37768062843864947
            ],
            "TIMING_ERROR_PROB_PERCENT-2": [
                0.0,
                0.10000000000000178,
                1.0
            ],
            "TIMING_ERROR_PROB_PERCENT-1": [
                0.0,
                0.0,
                9.240276471755848e-09
            ],
            "INVPROB_SRAM_WRITE_FAILURE": [
                0.0,
                0.0,
                1.4277389093209081e-08
            ],
            "MB_DOUBLE_APPROX": [
                3.707586293533183e-10,
                3.4349448724596555e-05,
                0.0067878581013479265
            ],
            "MB_FLOAT_APPROX": [
                0.0,
                0.0,
                0.0
            ],
            "INVPROB_DRAM_FLIP_PER_SECOND": [
                0.0,
                0.0,
                0.0
            ],
            "INVPROB_SRAM_READ_UPSET": [
                0.0,
                0.0,
                8.519185357158676e-13
            ]
        },
        "approximateness": {
            "stores": [
                75262,
                55480
            ],
            "fpu": [
                111,
                62790
            ],
            "heap": [
                70875,
                606080
            ],
            "loads": [
                459692,
                107210
            ],
            "alu": [
                137199,
                0
            ],
            "stack": [
                32969572,
                20381616
            ]
        }
    },
    "ZXing": {
        "collective": [
            0.0,
            0.0,
            1.0
        ],
        "individual": {
            "TIMING_ERROR_PROB_PERCENT-3": [
                0.0,
                0.0,
                1.0
            ],
            "TIMING_ERROR_PROB_PERCENT-2": [
                0.0,
                0.0,
                1.0
            ],
            "TIMING_ERROR_PROB_PERCENT-1": [
                0.0,
                0.0,
                1.0
            ],
            "INVPROB_SRAM_WRITE_FAILURE": [
                0.0,
                0.0,
                1.0
            ],
            "MB_DOUBLE_APPROX": [
                0.0,
                0.0,
                0.0
            ],
            "MB_FLOAT_APPROX": [
                0.0,
                0.0,
                1.0
            ],