{
    "heatStencil2D": {
        "collective": [
            0.667438024691358,
            0.9955555555555554,
            0.9955555555555554
        ],
        "individual": {
            "TIMING_ERROR_PROB_PERCENT-3": [
                0.005383209876543216,
                0.35473061728395056,
                0.9955555555555554
            ],
            "TIMING_ERROR_PROB_PERCENT-2": [
                0.9955555555555554,
                0.9955555555555554,
                0.9955555555555554
            ],
            "TIMING_ERROR_PROB_PERCENT-1": [
                0.0,
                0.026208641975308634,
                0.9693133333333334
            ],
            "INVPROB_SRAM_WRITE_FAILURE": [
                0.01522592592592592,
                0.08422172839506172,
                0.9955555555555554
            ],
            "MB_DOUBLE_APPROX": [
                1.481481481480134e-06,
                0.03704962962962966,
                0.9785903703703704
            ],
            "MB_FLOAT_APPROX": [
                0.0,
                0.0,
                0.0
            ],
            "INVPROB_DRAM_FLIP_PER_SECOND": [
                0.0,
                0.0,
                0.0
            ],
            "INVPROB_SRAM_READ_UPSET": [
                0.0,
                0.0,
                0.03309234567901235
            ]
        },
        "approximateness": {
            "stores": [
                390747,
                2016381
            ],
            "fpu": [
                0,
                2350432
            ],
            "heap": [
                0,
                37490400
            ],
            "loads": [
                13181530,
                2104596
            ],
            "alu": [
                4718516,
                0
            ],
            "stack": [
                914647749,
                114941586600
            ]
        }
    }
}