{
    "heatStencil2D": {
        "Base": 1.0,
        "Level 1": 0.6703535047302882,
        "Level 2": 0.5986388243705505,
        "Level 3": 0.5527099868476737
    }
}