{"Mandelbrot": {"collective": [0.00047834967320261413, 0.018337418300653743, 0.19914093137254832], "individual": {"TIMING_ERROR_PROB_PERCENT-3": [0.0, 0.0, 0.0], "TIMING_ERROR_PROB_PERCENT-2": [0.0, 0.0, 0.0], "TIMING_ERROR_PROB_PERCENT-1": [0.0, 0.0, 0.0], "INVPROB_SRAM_WRITE_FAILURE": [0.0001503267973856209, 0.0006866830065359478, 0.05474591503267976], "MB_DOUBLE_APPROX": [8.905228758169912e-05, 8.905228758169912e-05, 0.00022426470588235225], "MB_FLOAT_APPROX": [0.00013602941176470593, 0.015258169934640553, 0.09084027777777737], "INVPROB_DRAM_FLIP_PER_SECOND": [0.0, 0.0, 0.0], "INVPROB_SRAM_READ_UPSET": [0.0, 0.004426062091503266, 0.09438848039215712]}, "approximateness": {"stores": [5303838, 15733682], "fpu": [41601, 52381620], "heap": [1262144, 389990400], "loads": [15908374, 68099218], "alu": [21020726, 0], "stack": [8308994668, 502978463640]}}}